text,labels,split
I L G K I W K G I K S L F,1,train
G Y G Q G G Q G P Y G G Q G G F G G Y G G L G G Q A G F G G Q I G F N G Q G G,0,test
I L K K L L S T A A G L L S N L,1,train
P T L I S R L A D R F G V Q A I V V G I D S W F E Q E T G,0,train
T L G I I F F A I F F R E P P R I S,0,train
W A I T F L I I A I V A A V L G F G G I A G T A T G,0,train
S R W R D V A R N F M R R Y Q S R V I Q G L V A,1,train
S V S N A A T R V C R T G R S R W R D V C R N F M R,1,train
M Q F I T D L I K K A V D F F K G L F G N K,1,test
L K K L L K W L K K L,1,train
N R E D A A Q A A E E R S E T R T P P E A,0,test
S A I S C G E T C F K F K C Y T P R C S C S Y P V C K,1,train
F G K N T T I S V K G R H D P C V G I R A V P V G E A M M N C V L L,0,test
A Q S I P H D S P A H G E G T H C E E E G F A E D D,0,train
G R F K R F R K K F K K L F K K L S P V I P L L H L,1,train
T S R T R V R R S G I S P L H L A A E R N,0,train
I L P W K W P L W P W R R,1,train
G I G K F L H A A K K F A K A F V A E I M N S,1,train
G W G S F F K K A A H V G K H V A K A A L T H Y L,1,train
I L G K I L E G I K S L F,1,train
G Q P L D I N M A G E P K,0,train
G T P S G V W E N P P S A K Q P S K M L V I K K I S K E D P A A A F S A A F T S S G S H H A N G N K V S T M V P S V Y K N L V P K P A P P P S K P N,0,train
K Q H I S S R R H K D R A S G K P P K P K Y,0,train
I T L Y I L A F M V P T,0,test
G I G K F L K K A K K F G K A F V K I L K K,1,test
G F F A L I P K I I S S P L F K T L L S A V G S A L S S S G G Q E,1,test
N N H E H K Q P L P S L A I A A I G V V F G D,0,train
R G G R L C Y C R R R F C V C V,1,train
L S L L I A Q I K N Q D P T D P I K N S D L T S Q L A Q I,0,train
F L P L I G R V L S A I L,1,train
V V N L W A L H H N E K E W Q Q P D L F M P E R F L D P,0,train
K V A K Q E K K K K K T G R A K R R,1,train
L S V M H S E K L H V D P D N F R L L A D C I T V C V A A K L G,0,train
L T K T S R E L D G I K V N,0,train
F I G L L I S A G K A I H D L I R R R H,1,test
K K L F K K I L K V L,1,train
G D K I R A L H M I L E M,0,train
L E I M L F G D E K K,0,train
I C G E T C V G G T C N T P G C S C S W P V C T R N G L P,1,train
L Q R V L N V G L L L L A A I L I V F L V,0,train
G L T R S R Q I L A K T G I N P D,0,train
F W G A L A K G A L K L I P S L F S S F S K K D,1,train
M G L E L G F R E L G E V,0,train
E E P Q E G G E E E E E E E E E,0,train
F C H E L P H E L G D F A V L L K A G M S,0,train
V E Y D S F L D E N D W D I,0,train
S R K E Q Y S N A Y A T L G E L L N R S A L P I I N,0,test
L L S C V L S D Q Y C P,0,train
G K E A Q L R Q L N E L V R N L,0,train
G L L S V L K G V L K T A G K H I F K N V G G S L L D Q A K C K I S G E C,1,test
K I L R G V S K K I M R T F L R R I S K D I L T G K K,1,train
K I I I N R Q E P L H Q,0,train
I Y D E A G S L T R H L K D A F A D G V D N L I L D G E M I T W N T E Q D A P E P F G T L K T A A L S E Q R,0,train
L T K E E A I K T A M T L W K E I,0,train
S W L R D I W D W I C E L L S D F K,1,train
K W K K L L K K L L P L L K K L L K K L K,1,train
L H N F N S K I Q A V V Q H S G V K,0,train
K W F K K I P K F L H L L K K F,1,train
R N G P T L L S I A L L,0,train
L V D F A T E Q N A S I L V,0,test
A L W M T L L K K V L K A A A K A A L K A V L V G A N A,1,train
W K L F K K I P K F L H L A K K F,1,train
E G Q A L V E A I L E Q D D,0,train
F L P A I G R V L S G I L,1,train
A L P V S A I G F E G F E K R L E I,0,train
A R N E D K Q G K G A,0,train
Q G Q D P N F C K N E G T,0,test
I L G K L L S W A A G L L S N L,1,test
R G G R L C Y C R G W I C F C V G R,1,train
K I G A K I K I G A K I K I G A K I,1,train
D A A C A A H C L W R,1,train
F V R W F S R F L G R I L,1,train
R G T F T E A R D F N L M F K T S H G A S A E D S L,0,train
I L G I I T S L L K S L,1,train
F L P F L L S A L P K V F C F F S K K C,1,train
K W K S F L K T F K S A A K T V L H T A L K A I S S,1,train
G W G S F F K K A A H V G K H V G K A A L T H Y L,1,test
L L L T T N S P F F R G G D T G Y A S W R T T L W S R W P A A G P P P V L T S A R H Y H Y V V D C L L A S G A V L D S G M L Y W Y A R P S H R V P T L E V R,0,train
S G G L S G A P V F E K S T E C L R L F A Q,0,train
Q S P F T L E A N G L V L A V R L T P R A S R T G L D G V R T E A S G R P V L S L R V A A P P V E G A A N A A L T A F V A K S L G L R K A E V T L L S G E T,0,test
R L Q S I A E V S Y E F I A S T L Q,0,train
R A A G Q L L V P P R P R,0,train
S W L R D I W D W K C E V L S D F K,1,train
E I N R P I K M M L S Q I S P D I V,0,train
S A P G L K I H A K L F L I S R L E N D E I V R Y A H I G T G N F N E K T A R I Y T D Y S L L T A D A R I T N E V,0,train
D L V I G A I N D A M A R A Q Q L A A E R,0,train
K W K S F L K T F K S A K K T V L H T A L K A I S S,1,test
S W L R D L W D W L C E V L S D F K,1,train
I Q F G W E T I T E A L K Q G G I T,0,test
R R W P L K P K K W P L I,1,test
E Y T V K S H R V H K G,0,train
A L P L I G R V L S G I L,1,train
I L G K L L K T A A G L L S N L,1,train
D G V R Y S P L R I V Q E L N A A A G A H G,0,train
G F G T I L K A L A K I A G K V V K K L A T K P G A T Y M L K E N L K,1,test
R F D L V L V A A R R A R Q M Q S G G K D A L V P E,0,train
I L P L K W P W W P W R R,1,test
P V S L T S S L V F L M,0,train
S W L R D I W D W E C E V L S D F K,1,train
C D Q L G L T L L N F H P G S H L Q Q V S E E A C L A T,0,train
I L P W K W K W W P W R R,1,train
G L L G K L L K I A A K V G K K L L,1,train
I L G K L L S T A A K L L S N L,1,train
F V D L K K I A N I I N S I F,1,test
L P F F I N H G G E Y,0,test
P V H M T T A V F F D F G,0,train
F F H H I F R G I V H V A K T I H R L V T G,1,train
F V P W F S K F L G R I L,1,test
R A H L D D Y V I G Q D H A K K,0,train
A V V M P Q A A S L Y A M I V E F R,0,train
K W L K K L L K K L L,1,train
G I I K K I I K K I I K K I I K K I,1,train
K N W K G I A G M A K K L L G K N W E L M E K,1,train
S A D E K A A L Q K A Q S,0,train
R G G R L C Y C R R R F C V C L,1,train
K S K P K F Y A L D M F,0,train
N I G Q A V D R V E Q R V E M I S D,0,test
V V I G V S I A T G L G L K A F,0,train
R L C Y T R G R F T V C V R,1,test
K K K K K K A L F A L W L A F A A,1,train
R G G R L C Y C R R R F C V C A,1,test
F R W C F R V C Y K G R C R Y K C R,1,train
R S S S Q R S P S P G P N H T S N S S N A,0,train
N F L H N L P F Y G R A V M,0,train
F L P G H A C P A A S L A A F S P Y L P G D P G,0,train
K W C F R V C Y R G I C Y R R C R,1,train
K N W K G I A G M A K K L L G E N W E L M,1,train
L K L L K K L L K K L L K L L,1,train
H F L K T L V N L A K K I L,1,test
K W K K L L K K L L K L L,1,train
S V S N A A T R V A R T G R S R W R D V A R N F M R,1,train
D H I A D V L P S E A R H I E E L R R G L L D T A R S Y G Y E L V M P P L L E H L E S L L T,0,train
R I K R F W P V V I R T V V A G Y N L Y R A I K K K,1,train
N Q G P C Y D S S A V S S D,0,train
L N W G A L L K H L L K,1,train
K L L K L L L K L W L K L L K L L L,1,train
I C E Q V G D P A T S K G P,0,train
W K K V F K R L E K L F S K I W N W K,1,train
A L W K T L L K K V L K A,1,train
L K K L L K K L L K W,1,train
F V K L K K I L N I I N S I F K K,1,train
K K K K K K A A A F A A A A A F A A W A A F A A A,1,test
I L A E L F R F G K A L I I D G K I,0,train
K M V A D M G Y D I N I V G V P T V R A K D G L A L S S R N G Y L T E E E R Q I A P Q L S K I M W A L A E K M A L G E R Q I D A L L E E A A A Q L L R V G F T P D,0,train
F K R L K K L F K K I W N W K,1,train
G S P V I L E S L F I P E P V I S V,0,train
F L P L L L S A L P S F L C L V F K K C,1,train
D K Y R V L A G N D G T V S Y L S L L D Q L,0,train
A L W F T M L K K L G T M A L H A G K A A L G A A A N T I S Q G T Q,1,test
K E R Q K K D N H N L I E R R R R F N I N D R I K E L G,0,test
I L P W K W K F F P W R R,1,train
A M V V G P I G M Y F I T V N S G A S S T V A,0,train
K W K S F L K T F K S L K K T V L H T A L K A I S S,1,test
K W C F R V C Y R G I C Y R R C,1,test
F A F Y Y L C G E R D S K,0,test
Y K F E V T A V S D D G K S T A S T,0,train
G F W T T A A E G L K K F A K A G L A S I L N P K,1,train
A L W D T L L K K V L K A A A K A A L D A V L V G A N A,1,train
D A L D S W L A E M K Q E L G P H,0,train
L R E D K V E F S L S I E A I K K,0,train
I Q E L S C V A R D T K L G A E E I T A D I P N V G E S A,0,train
F A G P L G V L Q P L A,0,train
I L G K I L K G I K K L F,1,train
A W K V F K R L G I G A V L W V L T W G,1,train
G I G K F L H S A G K F G K A F I G E I M K S,1,train
Q R A V Y K D L V L L L Q K D S L L,0,train
F L G W L F K W A K K,1,train
K R F K K F F K K P K,1,train
L P D T I G N L S S L S R L G L R Y N R L S A V P R,0,train
M Q G T V L D T L P N T M,0,train
R Q I W K F E C K A T V D G K A V C S A E,0,train
I M G C Y G L G I T R V V A A A I E Q,0,test
G F W G K L F K L G L H G I G L L H L H L,1,train
V R R A L L S V S D K A G I,0,train
L L K K L L K K L L K K L L K K,1,train
A A G L A M L F L G I L S A A G S T M G A R A,1,train
S N P L E L D K R S A E L D T A T W Q,0,train
L K A N K Y Q I K K A V K E L Y E,0,test
V T R A K Q I V W N G P V,0,train
P A L T P E L R I T A Y L P,0,test
F K I K A S K V L D K F G K I V G K V L K Q L K K V S A V A K V,1,train
N N L L R A I E A Q Q H L L Q L T V W G I K Q L Q A R I L A V E R Y L K D Q,1,train
S W L R D I W D W L C E L L S D F K,1,train
L K W L K K L L K K L,1,train
A R A V A G S D L S R R I E L D G P,0,train
A K G G N G G F G N A Y F,0,train
K K K K K K A A F A L W A A F A A,1,train
F W G A L A K G A L K L I V S L F S S F S K K D,1,train
G I L D T I K N A A K T V A V G L L E K I K C K M T G C,1,train
V G V H V I G D G A D E M L Q G F A V A V,0,train
A L W M T L L K K V L K A A A K A A L N A V L V G A N A,1,train
F W G A L A K G A L K L I V G S L F S S F S K K D,1,train
T F R Q K G T E E F V,0,train
D K Y R V G A V L K E I E S,0,test
G L G S V F G R L A R I G R V I P K V,1,train
G G I T M E E L K C S,0,test
D D E P D A D D I E D,0,test
L L K L L K W L L K L L K,1,test
S E C E M R Y Q D C G E A S S C T A L I E E C K T S L,0,train
E E L S N K I S D P S V M A,0,test
L K W L L K W L L,1,train
E V V Q A A K G K A L,0,train
L L Q W L S K L L G R W L,1,train
F F G W L I K G A I H A G K A I H G L I H R R R H,1,train
K K K L L L L L L L L L K K K,1,train
L L K K L L K W L K K,1,train
N F I V C I S A Q Q N S P K I H E G W W A Y,0,train
G T S N S T V N A L G L G L A T M L,0,train
L C Y C R R R F C F C V,1,train
D Y M K K L V T R L E E N N P S E V E V F K T N I N K,0,train
R G L P V R G Q R T K T N A R T R K G P K R T V A G K K,0,train
W F K K I P K F L H L L K K F,1,train
F L P I L G K L L S G I L,1,train
T R V L L T V L I A F T K K E T S,0,train
G F F A L I P K I I S S P L F K T L L S A V,1,train
K R R K K D D I S L E E L F Q S L P R E K D Y F M M D A,0,train
K R S V S K T G T L A E A R K R E F,0,test
V C G E T C V G G T C N T P G C T C S W P V C T R D G L P,1,train
K K K K K K K K K K K K K K K K K K K K G I G K F L H S A K K F G K A F V G E I M N S,1,test
H F L L K L V N L A K K I L,1,test
H S S G T V I L D Q L G E E H M K T G K P I F Y T S A D S V F Q I A,0,train
I P G G V D Q G K L Q E Y Y,0,test
G L P V C G E T C V G G T C N T P G C T C S W P V C T R K,1,train
I L G K L L S T A W G L L S N L,1,train
F L P L I G R V L A G I L,1,train
K F F K F F K F F,1,train
G I G A V L K V L A L I S W I K R K R,1,train
K W K L F K K I G A V L K V L,1,test
K K K K K K A A F A L W L A F A A,1,train
L L R V R D D D I P G L V M D G,0,test
F L G W L F K W A W K,1,train
G L L G P L L K I A A K V G S N L L,1,test
I W R I F R R I F R I F,1,test
N E K G V N P Q S I L,0,train
G L L G K L L K I A A K V G S N L L,1,train
K W K K L L K K L L K L P K K L L K K L K K L L K,1,train
E R S T F R E L L K I T G I G A R M,0,train
L C A Y V T H L P V D N Y Q T D A A V,0,train
E R Q V Q E L A F P G S A Q D V E R L L K K Q R,0,train
N E L P E P E Q D N G G A T E S V K E Q E M K W,0,train
N L T K E E I K K L Y G F V D S Y V E P K N Y,0,test
M Q G V S L A G K E L E R G R E A P E N S P W I S G Q T,0,train
S I N D L S R D D L N L V L A T A A K,0,train
F V Q W F S R F L G R I L,1,train
T D Q L Q A L G I K V F G P T K A G A E L E A S K S W,0,train
I I D L I K M K A E I Y T N D L G,0,train
K W L R R V W R W W R,1,train
I L P W K W P W W P W R R,1,test
F F H H I F R G I V H V G K T I H R L V T G,1,train
L C Y C R R F R C V C V,1,train
I Y A Y D A K I E I Q T L T G L F K G D K C H S L V G,0,train
I N L K A L A A L A K K I L,1,train
G L F P K F N K K K V K T G I F D I I K T V G K E A G M D V L R T G I D V I G C K I K G E C,1,train
G F F A L I A K I I S S P L F K T L,1,test
R G A P N C L L L A D L P F M A,0,test
L L Q W L S K L L G R L L,1,test
G I G A V L K V L T T G L P A L I S W I,1,train
C G E T C V G G T C N T P G C T C S W P V C T R N G L P V,1,train
C G E S C V W I P C I S A A V G C S C K S K V C Y K N G T L P,1,train
F L P V I A G A A N F L P K L F C A I S K K C,1,train
S W L R D L W D W L C E L L S D F K,1,train
E D L G I S A P K S K E M K S T K S F P R Q,0,train
M V I K K P I E V R D G N K F V R L T P T K E P,0,train
F L G W L F K W A S K,1,train
G I A G G L R Q V A G L T D P V G,0,train
F L P L I G R V L S G I L,1,train
G N F T D K D P C A I C S N P N R N K S I I C,0,train
A V I E L V D F A E A P A A A P K A A,0,train
I S V M I E V Y G R S K E H D D C A C D G E T C T V,0,train
T K T T R N S P D S I S I P,0,train
K L L K K L L K W L K,1,train
G L M S V L K G V L K T A G K H I F K N V G G S L L D Q A K C K I T G Q C,1,train
D I A L L T T F R T K G E,0,train
R Y G E N P H Q S G A F Y R D V H P Q P G T L A T F K Q L,0,train
E D V P G D D T C Y Y A F I A Y P I D L F E E G S V V N V F T S L V G N V F G F K A V R A L R L E D L R,0,train
A V S V T F M D S Q D T P I F E P L P,0,test
N N K F N H F I M T K L A E A G I P T Q M E R L L S D,0,train
I F G A I W K G I S S L L,1,train
R T N I E S S I D F S E,0,train
G L F T L I K G A A K L I G K T V A K E A G K T G L E L M A C K I T N Q C,1,train
A K Q I A Q P L H L G I T E A G G A R A G S V,0,train
V N W K K S L G K S I K V V K,1,train
Q Y P D A F L F F R L G D F Y E M F F D D A I K A A Q E L E I T L T S R D G G G E E R V P M C G V P Y H S A Q G Y I E Q L,0,train
K K L F K K I L K F L,1,test
F S L D G K G P Y D D P N V,0,train
G L P K C G E T C V G G T C N T P G C T C S W P V C T R N,1,train
P V D L H I T G L E Q L G,0,train
I L P W K L P W W P W R R,1,train
M A Q D I I S T I G D L V K W I I D T V N K F P K K,1,train
H F L L T L V K L A K K I L,1,train
I Q Q E T G G I T E L I P L P F M S K N N E L G R Y A K,0,train
V V K P G R I L Y E I G G,0,train
I L G K L L S T A A G L L S K L,1,train
G A S L S F K I L K T V L E A L G N V,1,train
I S V E D I K N T L G N T D I I K N,0,train
L R A D V A L T T A S V T L P S D G E,0,train
A P A V A F D H L D D M H Q A F L Q,0,train
S S Y T A N L A A F L T V Q R M E V P,0,train
Q R L F Q V K G R R,1,test
I L P K K K P W W P W R R,1,train
V L L F E R E L H T V H G Y P S T F A S C M H I,0,train
C F Y S C T W Q D Y P D K K S L Y E K A T,0,train
A I D L N A S G H P E F,0,train
R E G T D L F L K S G,0,test
G L F G K L I K K F G R K A I S Y A V K K A R G K H,1,train
V D R D D D L K I G V K S T A V L F,0,train
G L G S V F G R L A R I L G R V I P K V A K K L G P K V A K V L P K V M K E A I P M A V E M A K S Q E E Q Q P Q,1,train
L L I I L K K K W K K Q A K A K S K,1,test
K M E D I V A S I K A G Y E C G K K H N I I V L A E,0,train
S P V I L R H S S V R G E S V F T A H P D S H K,0,train
K S I E T E V F L L L K I L,0,train
K W K L F K K I L K F L H L A K K F,1,train
K L K K L L K K W L K L L K K L L K,1,train
L L P A L I S W I K R K R Q Q,1,train
C G E S C V F I P C V T A L L G C S C K S K V C Y K N S I P,1,train
N Y I R R D I Y E V T R L T A S A G V S Y N K F,0,train
V K W M L E S L A I A R Y M,0,train
G L M S L F K G V L K T A G K H I F K N V G G S L L D Q A K C K I T G E C,1,train
R K R T E F A G A K F K E S K V F E A N E E A L,0,train
A P F E V V F V S A D G S S Q E M L D,0,train
T C S K K K A D R K S F,0,train
G I G A I L K V L A T G L P T L I S W I,1,train
V I T V L T A D F A Q P N G Y G R I V K D G D G F I K R I V E E,0,train
G R V A G V D E V G R G P L A G P V V A A A V,0,train
K K A A A A F A A F A A W F A A F A A A A K K K K,1,train
D E N G V D A E L I E R E R A V,0,train
W E A K L A K A L A K A L A K H L A K A L A K A L K A C E A,1,test
A L W K T L L K K V L K A A A K A A L N A V L V G A N A,1,train
A L W K T L L K K V L K A A A,1,train
A S V A K S P Q T K E H L Y H A A,0,train
K W K S F L K K L T S A A K K V L T T A L K P I S S,1,train
K W K L F K K I G K V L K V L,1,test
G L P V C G E T C V G G T C N T P G C K C S W P V C T R N,1,train
A V G I G A L F L G F L G A A G S T M G A R S,1,train
K L L L K,1,train
R A A N K F P A I I Y G G K E A P L A I E L D H D K V M N M Q,0,train
G L F G K S S V W G R K Y Y V D L A G C A K A,1,train
F G G T A S G P M P L I S M L L D I N E V L N N K A G G R L T S V D A A D I C N L I G K A V V,0,train
F E V G T K P V T Q T P Q A,0,train
T T F E K G R C I Q A N Y S L K E N G K I K V L N Q E L R A D G T,0,test
K W K K L L K K L L K L L K K L L K K L K K L L K,1,train
Y R L A R D I E I M L F D G,0,test
T D T I L N Q K G Q N V I,0,train
F L P I I A G A A A K V V Q K I F C A I S K K C,1,train
F F H H I F R P I V H V A K T I H R L V T G,1,train
R G L R R L G R K I A H G V K K Y G P T V L R I I R I A,1,train
A I K Q G A A R A L C E L S P D N R,0,train
F V D L K K I A N I I N S I F G K,1,train
G I G A V L I V L T T G L P A L I S W I K R K R Q Q,1,train
V G M H D K L F K R A R V M Y E I E R D I S,0,train
A S Q T D M L D D P D Q,0,train
N R D A K K L Q D Y G D I T Y H S K K H R,0,train
L V R G C W T K S Y P P K P C F V R,1,train
I L G K L L S T W A G L L S N L,1,train
I A G N L N L S F P Y V E G E S I I,0,test
Q C R R L C Y K Q R C V T Y C R G R,1,train
S R N N S S S N S G S T,0,train
K Y I Q C W S Q D S T E T G Y V N I K E L,0,train
I G G V L T G L G L P P Q T I G E,0,train
I L P W K W P L L P W R R,1,test
G L L S G I L G A G K H I I C G L S G L C,1,train
I W R I F R R I F,1,train
E S E E E R M K F F R E Y G L K Y E L E K L R V D L E N,0,train
G F F G K M K E Y F K K F G A S F K R R F A N L K K R L,1,train
F L S S I G K I L G N L L,1,test
G I G K F L K K A K K F G K A F V K M K K,1,train
G L L G P L L K I A A K V G K N L L,1,train
A A A L R G D K Q S Q S A T,0,train
F L P L I G R A L S G I L,1,train
L K A K S I V S W A K K V L,1,train
V G I G E A P D A A D F K D E G S H T L R H T L E G,0,train
V T Q D L S E N I I L T T V D D L H N W A R L S S L W P L L Y G,0,train
F K R L E K L F K K I W N W K,1,train
L V H I L S Q M E D K G I R S A M I,0,train
L G R L A A R R G E K S A T V A S,0,test
G L L S G T S V R G S I,1,train
K L L K L L L K L L L K L L K,1,train
D Y L R Q Q A D V A I Q Q E,0,train
F L S L A L A A L P K L F C L I F K K C,1,train
D P F R Q G S G R P F S,0,train
G R F K R F R K K F K K L F K K L S P V I P L L H L G,1,train
K L L L K L L L K,1,train
I L P K K W P K L P W R R,1,train
L T G I G F T M S L F I,0,test
Y K C P M M K R I P Q A K L Y E D,0,train
M C I L L P I I G I G I,0,train
C G E S C V W I P C I S A V V G C S C K S K V C Y K N G T L P,1,train
V E V L A Y G V C L T A E Q V F I D R R L,0,train
I D N K I A G E R L T R L Q T R H T,0,train
R G G R L C Y C R R R F C V C I,1,train
V K T R E E V A Y V L T,0,test
A L W K T L L K K V L K A A A K A A L K A V L V G A N A,1,train
P K E I V L M L C Q A F G I I Y P S F H S F I,0,train
G F G A L F K F L A K K V A K T V A K Q A A K Q G A K Y V V N K Q M E,1,train
D G Q D P T E L Y E L V L S E I E H P,0,train
F K L F K K I L K F L,1,train
W M G L D I G P D A V K V F Q D A L G D C,0,train
C F K F K F K F G S G F K F K F K F C,1,train
F L P I V G K L L S G L L,1,train
F L P W F S K F L G R I L,1,train
R L P K L K G F R N R F R T E Y E I V N V G D I N R L F P Q G G S,0,train
Y S M G V R E Q I I F P E I D Y,0,train
E Q V F I P L T V G G G V R T P D D V,0,test
S W L R D I W D W I C E V L S D F K,1,test
G L L S G I L G A G K Q K V C G L S G L C,1,train
G F L G P L L K L G L K G V A K V I P H L I P S R Q Q,1,train
G F M K Y I K P L I P H A V K A I S K L I,1,train
I A E D F V I F S T P N F G Y I,0,train
P T L I V Y T I I V P E I R K E L Q R L V D M W D I P A,0,train
P V V A G L V Y L L F,0,train
H A E H K V K I K V K Q K Y G Q F P Q G T E V T Y T C S G N Y F L M,1,train
P E Q D S G R K Y Q Q N V Q,0,test
V S Q E D R K S Y N W K Q R,0,train
A P Q L A D L R M I A E S V E I P V F A Q H I D P I K P G,0,train
I L G K L L S T A A K L L S K L,1,test
L C Y C R R R F C W C V,1,train
K V A G S D K P A S V P,0,test
H I D E V V R R I A L A R F D V,0,train
F L G A L L G P L M N L L Q,1,train
G V Y P S H W R V N G Q V L Q Q I,0,train
G V R Y K I T L T D N S V I E V,0,train
A V Y L R I G A L A G V V A D A L R F S F A,0,train
Q A I V G G N F D E T Q V S S A A M K A W L A F W A S,0,test
A L W K T M L K K L G T M A L H A G K A A L G A A A D T I S Q G T Q,1,train
G I G A V L K V L T T G L P A L I S W I K R K R Q Q,1,train
G F M K Y I G P L I P H A V K A I S D L I,1,train
M S W V R Q A P G K G,0,train
G L L G K I L G V E K K V L C G L S G M C,1,train
I I T N I R A D D I I N T A N K I F S G T T T L A I I G P,0,train
C G E S C V W I P C I S S A I G C S C K N K V C Y R N G I P,1,train
K W K K L L K K L L P L L K K L L K,1,train
G K T L V S R T Q G T K I A S E,0,train
L Q K K N E Q K K R P K P I L L K I A P D L T D E Q L M,0,train
I L P W K K P K L P W R R,1,test
K N Q E A F V N L G V V L N T A M T G Q E S E K,0,train
G A D E K F L E R V E E E E L T V D G L P E,0,train
L G A G L E V V D L G,0,train
R D G R M H F T V I R E G R A P L A V V L N L P G L,0,train
S W L R D I W D W G C E V L S D F K,1,test
Y W H A F A R E K G V Q N V H T R,0,train
F R T L A Q D V L G T T Q V P Y G D E V F D F G K P F,0,test
S I I S Y M N I D P M K S S F F L I F S L L F S M P,0,train
F K P L H E L N P V R L G,0,train
K N W K G I A G M A K K L L G K N W,1,test
L T L R P A P A N T G V I Y R R T D L N P P,0,test
G I M R V F K G V L K T A G K S V A K N V A G S F L D R L K C K I S G G C,1,train
T S L F S L S M G C V T W L E R Y F,0,test
R I V V V D L H N P S I Q G F F N I P V D,0,train
T R L E S G D L P L E E,0,train
K W K K L L K K P L K L L K K L L K,1,train
F L P I L A S L A A K F G P K L F C L V T K K C,1,train
E K D F Q Q I L I I R R M V E D L A F,0,train
P N L S G F V S W K M A L S I S V G V L V,0,train
A L W M T L L K K V L K A A A K A A L N,1,train
R K C N F L C K L K E K L R T V I T S H I D K V L R P Q G,1,test
R G G R L C Y C R R R F C V C V G R,1,train
G I L K K F M L H R G T K V Y K M R T L S K R S H,1,train
K W K S F I K K L T S A A K K V V T T A K P L I S S,1,train
Q S G E E T E R C F C G T P P H C K A A E L V,0,train
L L N A G V P L K A P V A G,0,test
S T L A S E G S Y G E K G V E S F T Q I S K E A G G L C I A Q S,0,train
L T A L L L L L L L Q,0,train
R G G G L C Y C R R R F C V C V G R,1,train
F R F G S F L K K V W K S K L A K K L R S K G K Q L L K D Y A N K V L N G P E E E A A A P A E,1,test
F L P I L A G L A A N I L P K V F C S I T K K C,1,train
G Q Y G M P G N Y Q S M S S Q S G Q H Q G N,0,train
E I K G A I R K L T I A S E I Y P V L C G S A F K N K G V Q P M L D A V V D Y L P S P L D V P P A I G H A P A K E D E E V V R K A T T D E P F A A,0,train
V D L T L D E K G E N G V G E L S S E Y N R L Q E K F E E,0,train
L K L F K K I L K Y L,1,train
R R W C F R V C Y R G F C Y R K C R,1,train
G E L K N T S R F L L V K K S I A R I K T E,0,test
R R R R R R A A F A A W A A F A A,1,test
H G A P E Q A Y G I I A A S G E N G A T L H Y M K N N E,0,train
L L K W L K K L L K K,1,test
F L P I L A G L A A K L V P K V F C S I T K K C,1,test
G V W T T I L G G L K K F A K G G L E A L T N P K,1,test
G I F G K I L G V G K K V L C G L S G V C,1,train
G I L K T I K S I A S K V A N T V Q K L K R K A K N A V,1,train
G F G S L F K F L A K K V A K T V A K Q A A K Q G A K Y V A N K H M E,1,train
L N L K G I F K K V A S L L T,1,train
V N S K K I S P K S I K V S K,1,train
G F K K L L K G A A K A L V K T V L F,1,test
V T V L T D T,0,train
D V T S L M L G P M V A A C G G Y V P M I S,0,train
T C Y C R R R F C V C V G R,1,test
L V Q L G K L H E N V L D,0,train
S K R E I K N L R E L K I P W L R I L P Y I V D,0,train
G K V I A C D I L P M D P I V G,0,test
K W K S F L K T F K S A V K T V L H T A L K A I S S,1,train
G V L G T V K N L L I G A G K S A A Q S V L K T L S C K L S N D C,1,train
L S L L K R G R S L C D Y L V L,0,train
R G G R L C Y C R P R F C V C V G R,1,train
D S Y W Y L V G L A S W S,0,train
E K Q F R N T F K I A R K K S G N T A E N L,0,train
Q G L E D S K R S K S L L P D H T S D,0,train
N T T M F M D V G,0,test
V R R F A W W W A F L R R,1,train
A L V A K I G E N I N I R R V A A L E G D V L G S Y Q H G A R I G,0,test
S W L R D I W D W S C E V L S D F K,1,train
I L P W K W P W L P Y R R,1,train
F R E R E Q A M I A E L C E,0,train
R L Y R R L Y R R L Y R R L Y R R L Y R R L Y R R L Y R R L Y R,1,train
S L C R T D H L C R S R L,0,train
L K L L K W L L K L L,1,train
C G E S C V F I P C I T S L A G C S C K N K V C Y Y D G G S V P,1,train
K K L L K W L K K L L,1,train
L K L F K K I L K F L,1,train
K K L F K K I L K Y L,1,train
G P A R Y V H V A E T G G K L G,0,train
F L S T I W N G I K S L L,1,train
N V F R E P N V A T E C R S N C F,0,train
G L P A L I L W I K R K R Q Q,1,train
K Y D H L K D K A V V T Y C T G G V R C E V L S S L,0,train
K W K K L L K K L L K L L K K L L K,1,test
I Y E D A A,0,test
A F K I A A S L A L K E,0,train
F I H H I F R G I V H A G R S I G R F L T G,1,train
V R E A G D L A L W V P S L A A L L L T A A A F Q I P R R,0,train
F V Q W F S K F L L R I L,1,train
I L P I L S L I G G L L,1,train
P T Q V K I W F Q N H,0,train
K L L L K L W L K L L K,1,train
A G V E Q V V I L G E S K,0,train
F K L F K K I P K F L H L A K K F,1,train
K C I Q Q N I T Q Y P I R Y N E I D K,0,train
R C Y C R R R F C V C V G R,1,train
Y L N R G H M L R A H T S A H Q W D L L H A G L N A,0,train
R T Y L K K V V A A I E A G D A E T A,0,train
D A L R G A M L S K D P T T G E T H,0,train
T T C R G Y G P D F G L P A L R Q K L S E D,0,train
K W A R L W R W F R I T R W L W Y I K,1,train
G I G A V L K V L S T G L P A L I S W I K R K R Q Q,1,test
C K L L L K W L L K L L K C,1,train
G I L S S F K G V A K G V A K D L A G K L L E T L K C K I T G C,1,train
S F I S G A D V C F V K W Y P S E Q Y,0,train
I K I P A F V K D T L K K V A K G V I S A V A G A L T Q,1,train
F A E V P K L C G H I H L P A Q S G S D A V L A R M,0,train
V I M E S S A Y L I A,0,train
G I L G K L W E G F K S I V,1,train
F W G A L A K G A L K L I G V S L F S S F S K K D,1,train
K K K K K K A A F L A W A L F A A,1,train
L T K W Q R G Y E R A I T E,0,train
V K I W F Q N R R A K A K R L Q E A E L E K L K M A A,0,test
S P S S T E K G K E T L R S,0,train
G K V I,0,train
D I D T G K S F T K Q I P S,0,train
G L L D T F K N L A L N A A K S A G V S V L N S L S C K L S K T C,1,train
C G E S C V Y I P C L T S A V G C S C K S K V C Y R N G I P,1,test
G L L S G V L G V G K K V L C G L S G L C,1,test
G I G A I L K V L A T G L P T L I S W I K N K R K Q,1,test
M S D F V N A I S E A V K A G L S A D W V T M G T S I A D A L A K G A D F I L G F F N,1,test
K L L L K L L K L L L K L L L K L L K,1,train
E K N R Y R A E E L A E E R I L D V L I P P A K N N W G,0,train
R G G R L C Y C R R R F C V C W,1,train
F E Q T G G P D L T T G S G K R T K S D R V E H K H A S Q,0,train
F K L G S F L K K A W K S K L A K K L R A K G K E M L K D Y A K G L L E G G S E E V P G Q,1,train
A I R I T H L P T G I V V E C Q D E R S Q H K N,0,train
V I L L V V V T C G A F M,0,train
K I P V V A A I H G A C L G G G L E L A L A C H Q R V,0,train
I L P W K W P W W P L R R,1,train
A L W M T L L K K V L K,1,train
K I K L F K K W P K F L H L A K K F,1,train
A K L D D G Q Y D A I V L A S A G L K R L G L I S R I R H,0,train
S D S G T A I F L M H G,0,train
R W C V Y A Y V R V R G V L V R Y R R C W,1,train
K L A L K L A L K A L K A A L K L A,1,train
P Y P A M P T D M Q A Q F M,0,test
K W K S F L K T F K S L K K T V L H T A L K L I S S,1,train
L K A A K I S K G S Q,0,train
C G E S C V Y I P C L T S A I G C S C K S K V C Y R N G I P,1,train
Y A K I L S E R A A V D A S Y I,0,train
K L K L L K L L K L L K L L K,1,test
V T V L L K A L G W T T E Q,0,train
V K R I I E T E H F R V E R V I G R Y D K M I K I T,0,train
L V S R E V I A D C I E A C A C G Q S M D G L L V V G,0,train
V S D E C R G K Q L G K L,0,train
H K T F A T P H G G G G P G A G P V A V N D K,0,train
I L G K L L S T A W G L L S K L,1,train
D Y E L I V L L G L D P S V K R Y M M Y H Q G C F A G G T,0,train
V K L Q G K E V G V Y E A L K D D,0,test
K W A K K W K W F A K A A W K W Y K K,1,train
K K F L H S A K K W L K A F V K L K K N W,1,train
K K L F K K I L K W L,1,train
G F L Y V A S G P L V R S S Y R,0,test
P R A L L F I S Y A A N Q A V L A A,0,train
T A A F I D L S G P K D E V S A A L D R V M S D E I V L D,0,train
A K K V F K R L G I G A V L W V L T T G,1,train
K N W K G I A G M A K K L L G K N W K L M K K,1,train
L R L K Y R R F K Y R V,1,train
I K E V R A I T N L G L K,0,test
N P I G G N D L S L N A,0,train
A S S I S Q K A A V A A L G L G Y A G,0,train
H K K S G K G T A M A Y D Q I D G A P E E R E R G I T,0,train
K W K S F L K T F K S A K K K V L H T A L K A I S S,1,train
A L W K T L L K K V L K A A A K,1,train
F F L G T I N L S L C E E,0,train
S W L R D L W D W I C E L L S D F K,1,test
R L Y R K V Y G R L Y R K V Y G R L Y R K V Y G R L Y R K V Y G R L Y R K V Y G R L Y R K V Y G R L Y R K V Y G R L Y R K V Y G K K K K K K K,1,train
V F Q F L G K I I H H V G N F V H G F S H V F,1,train
L R L Q Y R R F Q Y R V,1,train
T M M A D W A N D D V N L F G W R E E,0,train
K L L K K L L K L W K K L L K K L K,1,test
W C Y C R R R F C V C V G R,1,train
D A T V V Y G V N Q H L L,0,train
K N M A S T T P D R Q Q A C R C L Q,0,test
G K A H I F D L A I N K Y E A I C N Q P V A,0,test
D I R F V T P L V N Q K R R E Q F E Q A L K A,0,train
V S C T Y C A Y N C G,0,train
G F M D T A K N V A K N V A V T L L D N L K C K I T K A C,1,train
R R W P L K P W K K P L I,1,train
G L F G K L I K K F L R K A I S Y A V K K A R G K H,1,train
K F G K S T G G G N L W L D P E,0,train
L L G D F F R K S K E K I G K E F K R I V Q R I K D F L R N L V P R T E S,1,train
K W K S F L K T F K S A K K T V L H T A L K L I S S,1,test
G I G K F I H A A K K F G K L F I G E I M N S,1,test
I L P L K L P L L P L R R,1,train
F L R F I G S V I H G I G H L V H H I G V A L,1,train
I L P W K W P F F P W R R,1,train
A N C A G L K V G V G G N I G Y P V,0,train
G I M S L F K G V L K T A G K H V A G S L V D Q L K C K I T G G C,1,train
G W G S F F K K A A H V A K H V A K A A L T H Y L,1,train
S R L K A T Q S Q V F,0,train
M A Y S Q A L Q A F A C G I N P S A E M N P I L L K P Q G N S,0,test
R F N I L Q G T S F E,0,train
E G Q T I S D E A I E Q A V E G A E K E L D,0,test
F F H H I F R A I V H V A K T I H R L V T G,1,train
C A E S C V Y I P C T V T A L L G C S C S N R V C Y N G I P,1,train
E P L K P H E V L S R L N R M G G D N G I G R L D I V E N R Y V G M K S R G C Y E T P G G T I M L R A H R A I E S L T L D R E A A H L K D E L M P,0,train
F L G F L K N L F,1,test
R G L R R L G R K I A H G V K K Y G A T V L R I I R I A,1,train
Q A G F F L L T R I L T I P Q S,0,train
F D L L G L V K S V V S A L,1,train
R A N A L L A N G V E L T D N Q L K V P S D G L Y L I Y S Q V L,0,test
G L L A L I S W I K R K R Q Q,1,train
M V A W S H V T V G G K P I L Q I L E E Q K E R F G E,0,train
I L Q K A V L D C L K A A G S S L S K A A I T A I Y N K I T,1,train
D R A T L T A R L I D R P I R P L F A E G F R N E V Q I T S T V F S V D Q D C S P E M A A M L G S S V A L V I S,0,test
F L G L L F H G V H H V G K W I H G L I H G H H,1,train
G L P V C G E T C V G G T C N T P G C N C S W P V C T R K,1,train
R A G L Q F P V G R L L R R L L R R L L R,1,train
A F C H T R T N D Y K S D K P S G K Y A S S T L I R K M I F E G,0,train
N L P A S A Q T L F K A K A D K K L S F E Q I A Q H I G R N E V A A A A L F Y G Q A K A S P E D I V K L S E,0,train
Y Q I D Q L S K M T Y K N K S L N I H D L T A,0,train
G F M K Y I G P L I P H A V K A I K K L I,1,train
T Q T V Y E W C G V A T Q L L A A Y I L L,1,train
Q G W E A V A A A V A S K I V G L W R N E K T E L L G H E C K F T V K P Y L K R F Q V Y Y K G R M W C P G W T A I R G E A S T R S Q S G V A G K T A K D F V R K A F Q K G L L S Q Q E A N Q W L S S,1,train
Q S Q H Y M Q K A K E A G F K V K I H A D E I D P L G G L E L A I D E Q A I S A D H L V A S S D K G K E K L R N S D T V,0,train
M T F Q S R F G R E P W L M P Y T D E,0,test
R K E K A I P V D V A,0,train
R L C Y T R G R F T V C V,1,train
Q D M D K D I G N C Y L M,0,train
M G I I A G I I K V I K S L I E Q F T G K,1,test
L S Q L S T L L F Q A,0,train
S A K A R R G G K K T F N P K K R,0,train
P R Q L T H D A G L T V D D I A K R L M D Y G,0,train
F L S I I A K V L G S L F,1,test
A C G L I I L Q I T V G Y R L L L L L L L,0,train
F L P L L L A G L P K L L C L F F K K C,1,train
G L L G P L L K I A A K V G S K L L,1,train
Y A G K N C P N G E V L,0,train
H L A V V W N I A G V A L E D V L Q E,0,train
V C G E T C F G G T C N T P G C S C T W P I C T R D G L P,1,train
K K I A L I G S G M I G G T L A H I I G L K E L,0,train
Q Q R D K F D L L Q T,0,train
L S L A L S Q I Y S D E,0,train
R T N V E P E W M V L R L L P V L P P E L R P I,0,train
K W K S F I K K L T S K F L H L A K K F,1,train
D L R N I A Q L G Y D E S E D Q E E L E M,0,train
F L P I L A G L A A K I V P K L F C L A T K K C,1,train
K K K K K K A L F A A W A A F L A,1,train
R L E E F N A,0,train
V C G E T C E G G T C N T P G C S C S W P V C T R N G L P,1,train
F V Q W F S K F L G R I L,1,train
V C Y C R R R F C V C V G R,1,train
S W K S F L K T F S S A K S T V L H T A L K A I S S,1,train
M D F I I D I I K K I V G L F T G K,1,test
K I L R G V S K K I M R T F L R R I L T G K K,1,test
I L P W K W P W L P W R R,1,test
K Q Y Q H E E D E D F Y P D S M E Y S,0,train
L L L K L L K L L L K L L L K L L K,1,train
S I L S E R S Q D V T,0,test
Q R H P F K P K L H H I D,0,train
Q V D P D F R S A L K R A G L L T,0,train
H A L S L H H V C Y P K P Y N W,0,train
G L S A L I S W I K R K R Q Q,1,train
G L W S K I K T A G K S V A K A A A K A A V K A V T N A V,1,train
D G E M G I L P G H I N L I A P L N V H Q M K I N R S,0,test
K F K S F I K K L T S K F L H S A K K F,1,train
F L K W L F K W A K K,1,train
R R W P W W P W K W P L I,1,train
G A L R G C W T K S Y P P K P C K,1,test
I F G A I L P L A L G A L K N L I K,1,test
F S A L F G M E K S I F R Q L K I Y,0,train
M S G I V E A I S N A V K S G L D H D W V N M G T S I A D V V A K G A D F I A G F F S,1,train
K W K S F I K K L A S K F L H S A K K F,1,train
E D E R I A A E N L A K E I V S L K D L A T K L,0,test
A C Y C R R R F C V C V G R,1,train
K T Y D K R E S I A K K D Q E R N L,0,train
F T A P T R R Q V L S L Y K E F I K N A N Q F N N Y N F R,0,train
F L P K M S T K L R V P Y R R G T K D Y H,1,train
F S A Q L E K E Y K V K I N P A S M F D V,0,train
K W K L F K K I G I G A V L K V L T T G,1,train
K K K K K K A L F A L W L A F L A,1,train
K I V V E A F D D P D V K N V T C Y V S R A K T G G I,0,train
L R L E Y R R F E Y R V,1,test
W L K K L L K K L L K,1,test
E K D F K I K E K P K E E,0,test
V S W K K S L G K I I K V V K,1,train
Q V H S S A R A P L S R S,0,train
K N W K G I A G M A K K L L G K N W K L M,1,test
F L P V L A G I A A K V V P A L F C K I T K K C,1,test
G L M S V L K G V L K T A G K H I F K N V G G S L L D Q A K C K I S G Q C,1,train
V C G E T C V G G T C N T P G C S C S R P V C T R N G L P,1,train
R G G R L C Y C R R R F C V C F,1,train
G F F A L I P K I I S S P L F K T L L S A V G S A L S S S G E Q E,1,test
T V Y V S N E F N F L N,0,train
L R R L W L R A N R L L R R L W L R A N R L,1,test
E K M T I E Q M A L A I R Y G S G I,0,test
G I L K T I K S I A S K L K R K A K,1,train
D L L K V H S R V Q F F R K L E,0,train
Y V E M S A K E H E F A C E,0,train
F L P V I L P V I G K L L S G I L,1,train
W L L E Y A P S R L T G T G A C V F A E F D T E,0,train
R T K D N N L L G K F,0,train
E A A I R S,0,train
W R D W L A Q K D G L D,0,train
Y K L F K K I L K K L,1,test
R R W C F R V C Y R G R F C Y R K C R,1,train
G I W S S I K N L A S K A W N S D I G Q S L R N K A A G A I N K F V A D K I G V T P S Q A A S,1,train
L K L A S I V S W A K K V L,1,train
L C Y C R R R F C V C V G R,1,train
A A E Q A V A R E R S S A R E R A A P A Y K E D H P Y,0,train
G I S E T I T V R K I,0,test
S W L R D I W D W L C E V L S D F K,1,train
K N L R R I T R K I I H I I K K Y G,1,train
G N E A A V A I E L D H D S V M N,0,test
L T I D N Y R E H D Q K,0,test
A I N D L L D A E Y M A,0,train
L N W K A I L K H I I K,1,train
V N R K K I L G K S I K V V K,1,train
S W L R D L W D W I C E V L S D F K,1,test
I D S E S D I D D S E T D D E E E L E N P I K,0,train
G S M R K V L V W Q N L D S P R A I V,0,train
T E R A V P V C G H L G,0,train
H A D S S A N M L G K T Q S R L L I W T K N S A F E E,0,train
D G S Q D S P I F M Y A P E F K F M,0,train
K W K L F K K I P F L H L A K K F,1,train
R R W P L L P W K W P L I,1,train
C T Y D A D T L S K D P A D G R,0,train
G R W K R W R K K W K K L W K K L S,1,train
C E S C V W I P C I S S V V G C S C K S K V C Y K N G T L P,1,test
K K L L K W L L K L L,1,train
I L G K L L S T A A G L L S N L,1,train
N D K T T V I A L R E I,0,train
G L L G P L L K I A A K V G K K L L,1,train
K N W K G I A G M A K K L L G E N W K L M,1,train
D T K A L Y L S K R A E L A P C H R L K K K G S S S V R T Q S S E,0,test
L N S N I D K I P F H P Y F,0,train
A V D P Q Q N A V V S P,0,test
C G L G F K A F W E E E T G F H Y D L F D K I D P K L S,0,train
M V H E E L N N K P Y V I N D L V G A,0,train
K W K K L L K K L L K L L K K L L K K L K,1,train
V A R N E L R A I P Y V G M,0,train
A A K F L N L E A I T W A N T R D T L G K H A I,0,train
S W L R D I W D W A C E V L S D F K,1,train
S A P R G C W T K S Y P P K P C K,1,train
K V L K A A A K A A L N A V L V G A N A,1,test
F S I S P G K V L D K F G K I V G K V L K Q L K K V S A V A K V,1,train
I S G E P K N N W V F D I P R V A S E Y V N Y G V L E Q,0,test
I L G K L L S T A A G L L K N L,1,train
G L M S L F R G V L K T A G K H I F K N V G G S L L D Q A K C K I T G E C,1,train
F I G A I A R L L S K I F,1,train
R I I K C G Y R D G D N A P M A I V,0,train
A I A Q F E S I G R I,0,train
D K I N A I A T K I Y G A D G V,0,test
G W G S F F K K A A A V G K A V G K A A L T A Y L,1,train
M S K S L G N V I L P A D V V K N L,0,train
G E F A I A R K N V S I N E A V,0,test
L E I E G A M A L L M K D A I K P N L,0,train
S T V G V P R T L P R L A E L A M E R,0,test
F T D S I A I G L I V L P N D L E H D,0,train
S H G L E F I N L S T E G E N E Y K E K Q G,0,train
L C Y C R R R F C V C V,1,train
G D K K P T Q E S D P D C,0,test
K E R Q E N V Q K I V L E,0,test
A V Q Q L S L A P G E,0,train
G L V D H V E Y I S S R V G W K,0,test
C G E S C V W I P C L T S A V G C S C K S K V C Y R N G I P,1,test
E K I F Q N P T D E E S T,0,train
K L L K L L L K L W K K L L K L L K,1,train
D Y G N H P L P R L Q D Y Q Q Q G A Q V L H L V D L T,0,train
K F I C P C H G S Q Y N N Q G K V V R,0,test
G F G S L L G K A L K I G T N L L,1,train
I T E P D I L A S L D E L I G R W A K E R E A G,0,train
I D E Y D Y G Y C I R W,0,test
G F K D L L K K A A K A L V K T V L F,1,train
A C G V P V V R N V A L A R S I Y R N S P R R Y S F V S H D D I D G V M R V L I W L G E V,0,train
N P V A M A A G L K T L E I I S R P G F Y D E L T R K T R V M,0,train
C G E S C V W I P C T I T A L A G C K C K S K V C Y N S I P,1,test
K W K K L L K K L L K L L K K L L,1,train
L C Y C R R R F C Y C V,1,train
R G T D A R I D K T D R V G A A E R,0,train
K R F K K F F K K L K,1,train
L N W G A W L K H W W K,1,train
S L L S L I R K L I T,1,train
V N W K K I L G K S I K V S K,1,test
F T S E S V S E G H P D K I A D Q I S D A V L D A I L E Q,0,train
L L K W L L K W L K K,1,test
T D I E K Y C E L M F D,0,train
I L P L K L P W W P W R R,1,train
R R W C F R V C Y K G F C R Y K C R,1,train
F L P L I A R V L S G I L,1,train
F L P I I G K L L S G L L,1,train
G G P L E H V I A A K A V A F G E C L Q P E Y K E Y Q,0,test
G I L N T I K S I A S K L K R K A K,1,train
A K Y P I K P I K L D V E N K Q V V G D L Y N G L Y R K R Q L,0,train
T E K L V S A I G S G K Y D V I I C N,0,test
L K L L L L K L L K L K L W K,1,test
N F L G T L V N L A K K I L,1,train
F L A G L I G G L A K M L G K,1,test
G F L G P L L K L A A K G V A K V I P H L I P S R Q Q,1,train
T K L Y S Y Q G K Y Y L N,0,train
P S V V A W A L I V G G V L M W L L E S R K A T P D,0,train
R G G R L C Y C R R R F C V C T,1,train
R G G R L C Y C R R R F C I C V,1,train
L C Y C H H H F C V C V,1,test
D Q E E A L T M S D T,0,train
K V E L L P E N S E F K P I V V,0,train
V G H N A H F D L N F L N A,0,train
D P L E P K T S K T A K A I Y R W Y V Q N S S A V S G,0,test
V E P P E N P L F V L S D H H D F T D E E,0,train
G L G S V F G R L A R I L G R V I P K V,1,train
E W A M K A K G I D N N N G S G E R,0,train
F L K W L F K W L K K,1,train
C G E S C V F I P C I S T L L G C S C K N K V C Y R N G V I P,1,train
F L W W L F K W A W K,1,train
K W K S F L K T F K S A K K K V L H K A L K A I S K,1,test
A T L S I E E N V K V I E K T V E F A K G R I P I I A G A G A N A T,0,train
L N E T L E E R A H L C F S A V D C L E V L,0,train
P E V L P P L F G T I L D P V N S S A Y I P D H N R,0,test
R A P S M I D E F P I L S,0,train
L K L K S I V S W A K A V L,1,test
D L V K R S I K A R G L V L D I D K L I Y L D D K R K K L I T K I G E L N A K R N E N S S K M Q E N,0,train
Y V N E Q L A F T G D T L F S G G C G R L F E G S A E,0,train
Y E R S L A V I T A A R D Y G L V T K S N L I L G M,0,train
L N W G A I L K H I I K,1,train
G L G S L L G K A F K F G L K T V G K M M G G A P R E Q,1,train
T H S D Y N T Y S A Q A C A,0,train
F I K R I A R L L R K I F,1,train
G T P C G E S C V Y I P C I S G V I G C S C T D K V C Y L N,1,test
E D K Q C R E V T Y K S K Y E K G G,0,test
T E Q R N P N S M N I D Q,0,train
H T A D V I L P A Q T G R A L A Q T,0,train
L K K L L K W L L K L L K,1,train
L A S N D G G W V T G K V I G I D G G,0,train
G L F G K I L G V G K K V L C G L S G M C,1,train
L L K W L L K W L L K,1,train
C G E S C V W I P C I S S A I G C S C K S K V C Y R N G I P,1,train
T L K P C H A L V D G R D V,0,test
K A E V N C I G G K C P E G K K N C N C M P P I A H V,0,train
V F Q F L G K I I K K V G N F V K G F S K V F,1,train
L N K L L G S V V I S Q G G V L P H I M A E L,0,train
A S S T P S R V F K G,0,test
G K V L D K F G K I V G K V L K Q L K K V S A V A K V,1,train
I V C P L I Q N D G A Y L L C K M A D D R G V F P G Q W,0,train
H D V L Y E P P V G I T I A V P K P T,0,train
F L P A I A G I L S Q L F,1,train
T S R C I F Y R R K K C S,1,train
C W K W K W K W G S G W K W K W K W C,1,test
T L L K K V L K A A A K A A L N A V L V G A N A,1,train
K R F K K F F K K L K N S V K K R A K K F F K K P K V I G V T F P F,1,train
R G G R L C Y C R R R F C V C Y,1,train
K A K L F K K I P K F L H L W K K F,1,train
K W K S F I K K L L S K F L H S A K K F,1,train
Y N G I R D M K K L P D V I W I V D T V R E K I,0,train
F F H H I F R A I V H V P K T I H R L V T G,1,train
K F K L K Q,1,train
L C Y C F R R R C V C V,1,test
G I F S K I N K K K A K T G L F N I I K T V G K E A G M D V I R A G I D T I S C K I K G E C,1,test
Q K L P R D A S P V R V R S,0,test
C G E S C V W I P C I S A A L G C S C K N K V C Y R N G I P,1,test
G F F A L I A Q I I S S P L F Q T L,1,train
K K K L F W K I P K F L H L A K K F,1,train
F N I V E H E Y F,0,train
S W L R D I W D W V C E V L S D F K,1,train
G C A S R C K A K C A G R R C K G W A S A S F R G R C Y C K C F R C,1,test
F L A L I G R V L S G I L,1,test
L N T N E N P Y P P S P K V L Q A,0,train
H Q P E S L D W F N V L I A Q T I A Q Y R Q T A Y I L K D S P T S S,0,train
D K I N A K Q I K R H T Y,0,test
F K I K P G K V L D K F G K I V G K V L K Q L K K V S A V A K V,1,train
T L E E R L G S L T S I,0,train
K W K S F L K T F K S L K K T V L H T L L K L I S S,1,train
F L S L A L A A L P K F L C L V F K K C,1,test
V K Q G L V S P Y I G N,0,test
F V K L K K I L N I I L S I F K K,1,train
H G L K Q L P G L A V Q R L M Q Q G Y G F A G,0,train
K H F G R V A P H G K E W K W M M E N V L G V,0,test
G F K D L L K G A A K A L V K T V L F,1,test
F F H H I F R G I V H V G K T I H K L V T G,1,train
L S H S I S N L S N I Q E N V E A S K S R I,0,test
E S F Q N A L K T P S K K F I N I G L K D E H G N F K Q L,0,train
V E V P D K P M Y V K T H K G D,0,train
F V R W F S K F L G R I L,1,train
K W K S F L K T F K S A K K K V L H K A L K A I S S,1,test
F F H H I F R A I V H V G K T I H R L V T G,1,train
H G D L F T P A A D L V L T S P A,0,train
N H Q N E H G W T A L M I A S V,0,train
K W L N A L L H H G L N C A K G V L A,1,train
L A N T V R V T L G P K G H P V A L E R K W G A,0,train
K K K K K K L L F A A W A A F A A,1,train
G C F A A G T R R P N N D Y T L,0,train
V Y L D G T E L D F V K E G L N E G F K F N N P N V S N E C G C,0,train
Y S I N N D G I T L H L,0,train
H A L W K N M L K G I G K L A G K A A L G A V K K L V G A E S,1,train
E A G L A A L R A E R A K N D R M S G R E L,0,train
T K K E A V V K T S S S P K K K V S Q A K K,0,train
H Q V A S S Q D R V S E A E P R F S,0,test
K F A K K F K W F A K A A F K F F K K,1,train
T Y D N I K A M K K Q L R S I G L S L D W S R,0,train
L L G D E F R K S K E K I G K E F K R I V Q R I K D F L R N L V P R T E S,1,test
L L T R D D V M D G V P E M I P D,0,train
G I L S T F K G L A K G V A K D L A G N L L D K F K C K I T G C,1,train
R H A P W V N N I Y L I T N G Q R P K W L N V N,0,train
K N L R R I I R K I I H I I K K Y G,1,train
V I L C T G D M G F G S S K T Y D I E V W L P A Q N T Y R,0,test
S S G N E E N K K E E D S D E I,0,train
I C Y C R R R F C V C V G R,1,train
K N W K G I A G M A K K L L G K N W E L M K K,1,train
G V L S V T V P A K K V D,0,train
T A R S T K T G T A Y T F F T P,0,train
R E I S T I T P R F T V V E K D P K L A S F I R N E Y P,0,train
I L P W K W P W L P W K K,1,train
F L G S I V G A L A S A L P S L I S K I R N,1,train
I W R I F R R I F R I F I R F,1,train
F F G W L I R G A I H A G K A I H G L I H R R R H,1,train
P A R F S H S S Y L T F P S S G A F Y D F V T D,0,test
C G E S C V W I P C L T S A I G C S C K S K V C Y R N G I P,1,test
G K D Y P I V R I D P K K D T A I I P F S S G T T G L F K G V C L S,0,train
G K V W D W I K S T A K K L W N S E P V K E L K N T A L N A A K N L V A E K I G A T P S,1,train
M N N W S I K F S E Y K F G D P Y L H N T I G S K L,0,train
Y G K L L K Q Q V F E L P P,0,train
R Q A S Q I H Y D L Y,0,test
A L R E K F A F P V V G V V P A,0,train
F L P L L A G L A A N F L P K I F C K I T R K C,1,train
H I M S E K E I M G E A N C Q F I V K L F K T F K D K K,0,train
S T A G I A E H L P A V,0,train
G R T L S G Q T G E G F V I S V S H G E P L C I G L N C A L G A A E M R P F I E I I G K C T T A Y V L C Y,0,test
G L L D F V T G V G K D I F A Q L I K Q I,1,test
S S R A L V L D R D G Q V K,0,train
Y C P Q S S R Y K T G,0,test
R S A G S N I D L G V P F Y P L V A I,0,train
N P Y G R A Q I L R F M M K T W Q L V K K Y R V P R F I T,0,train
R G I S M D A D Y V F D V R,0,train
L L Y L F L A I L L A I E E P V I S G,0,train
A K K V F K R L G I G A V L W V L T W G,1,train
A G Y L L G K I N L K A L A A L A K K I L,1,train
S N Y W E A L G K V E C P,0,train
V G L G S G S T A R E F,0,train
G I P C A E S C V W I P C T V T A L V G C S C S D K V C Y N,1,train
V A V T R H G G T M A D S G S V A Y L F E R K G V V E,0,train
G F K D L L K G A A K A L V K A V L F,1,train
T I Q T F G D A V K F I S E,0,train
F L P L V T M L L G K L F,1,train
M V C V I A S K S K S D G L K F E I T K K I P I S K C K L K A L P G D M V S V H Y T G S L A E N G K V F D S S L R R N E P I Q F K L G A G Q V I A G,0,train
I C F T C L P I K L Q,0,train
Q T E A N K Y Q V S V N K Y K G T A,0,test
I F L A M I H F Y Q R F I S P L T,0,test
R A F D H Y W P R F G V,0,train
R R K D T P Y T A E Q R E,0,train
I L P F K F P F F P F R R,1,test
C G E S C V Y I P C I S G V I G C S C T D K V C Y L N G T P,1,train
N D A E I A A R L E R A A H Y P P F N C H T V N N D,0,train
K W K K F K K I G A V L K V L,1,train
E I L L A P F K D A G K K F V H L,0,train
N P C P I L M F S S L T H E G A T A,0,train
S D T F R E Q L P M A V D M L Q H,0,train
L V E P L Q L C H E S L H A C G M G V I A D,0,train
L M V K Q I N R M K K E A P A P V A A,0,train
G L L K K L L K I A A K V G K K L L,1,test
Q A L S S G A T V E Q A R Q E L V A K I G E N I K L R,0,train
A I N A L Q A A S A T G D,0,train
V L I L F I A A L L A Y A L Y D Q F I M P R R N G P T L L S I A L L H R G R V D S V I F V G L,0,test
G F M K Y I G P L I P H A V K A I S K L I,1,train
A W A S F F K K A A H V A K H V A K A A L T H Y L,1,train
L N P I N Y S V L A G L I P K N Y P G R V H E I V A I L I Q E,0,train
N G Q P R V G Q W V L,0,train
A A A K A A L N A V L V G A N A,1,train
I D V L D E T A H K K A I R S V A W R P H T S L L A,0,train
P D R M R K L L A H R D Q I A R L K R K V,0,test
F A P L I G R V L S G I L,1,train
C A E S C V W I P C T V T A L L G C S C S N N V C Y N G I P,1,train
S L P D E D V A D I Q H T E E F L I K P E S R V A Q L D T S Q W P L L L K N F D K L N V L T T H Y T P L P S G A N P L K R E I S D Y V R S G F I N L D K P S N P S S H E V V,0,train
M K D R R G Q V I Y V G K A I N L R S,0,train
Y V G R D E A E V R A K N N L G P E V,0,train
K W K S F L R T F K S P V R T V F H T A L K P I S S,1,test
L A L T L A P C A Q A A E P I E G K T V Y I D A G H G G,0,train
G Y Y G D V T E K Q F R R S Y D D A S K L K G D T S Q,0,train
K L L K W L K K L L K,1,test
A D L D E K K H C D G D T,0,train
N W K G I A A M A K K L L,1,test
Q L M V T S H Q H L L E P E E G T W L N I,0,train
R I L T R N I K G P I K V G D I I M L R E,0,test
H L L Y L Y R S F T S Q T Y M D S S T V H L F V T I I S,0,train
A L W M T L L K K V L K A A A K A A L D A V L V G A N A,1,train
G G E I P D D P E E F E E L M T G F Y,0,train
V E S F D Q F V I L L K N T V S Q M V Y K H A I S T V,0,train
S C Q A L I L A P T R E L A Q Q I Q,0,train
L K W L L K W L K,1,train
E E R R G I H Q D A P E F A D Q S T E A E V L V,0,train
C G E S C V W I P C I S S A V G C S C K N K V C Y K N G T P,1,train
G F L G P L L K L G L K G A A K L L P Q L L P S R Q Q,1,train
G V V D I L K G A A K D L A G H L A T K V M N K L,1,test
Y V F Q D A R L F A Y M S V K R N L T Y A R W A G H R,0,train
S V E D A L A I L K Y A P Q A A S E P V A K V V A S A A,0,train
K R A K K F F K K P K,1,train
H F L G T L V N L A K K I L,1,train
K K K K K K A A F A L W L A F L A,1,train
Y C Y C R R R F C V C V G R,1,train
V A K A L R E I H K N D K,0,test
K W K L F K K I P K F L H L A K K,1,train
V D S A K I G A K T L S N,0,train
L D T Q M F G L Q K E V D F A V Q L,0,train
A L W D T L L K K V L K A A A K A A L N A V L V G A N A,1,train
K N W K K I A G M A K K L L K K N W K L M,1,train
K K L L K K L L K W L,1,train
G I L K T I K S I A S K V A N T V Q K L K R K A K N A V A,1,train
N L M S S V L P D G T T T C,0,train
I P I L K D V D A F Q T E,0,train
E R R A K K S E L V A A T Y A K R F A A K E A C S K A L G T G,0,train
K R A K K F F K K L K,1,train
G L M D V F K G A A K N L L A S A L D K I R C K V T K C,1,train
T E Q I N G L R R E L F Q L R F Q Q A T R Q L A N T H,0,train
F L P I L A S L A A K L G P K L F C L V T K K C,1,train
A L W K N M L K G I G K L A G K A A L G A V K K L V G A E S,1,train
K R F K R T G N G G L K R,0,train
G L M D T V K N A A K N L A G Q L L D T I K C K M T G C,1,train
F G M N L G N R R K A T R V P D L S R Y D Y H Y N G S G G N S V,0,train
I S D K I S A A M L Y V P R,0,train
R W C V Y A Y V R V A G V L V R Y R R C W,1,train
H S G T F S P Q T P V P A T,0,train
K W K E F L K T F K E A K K E V L H T A L K A I S S,1,train
V F E G S D A I I D F T V R D A F L A N Y K A M I A,0,test
L V N P A K T L S K A D L E A N G M A,0,train
I G M G E R T S H Q A I G Q V A R A L F A K G A A Q R V,0,train
I L G K L L K T A A K L L S N L,1,train
Q A A Q P V V E P V V,0,test
F V Q W F S K F L G K I L,1,train
M A I V G T I I K I I K A I I D I F A K,1,train
E G L S S P I F E D H I Q T,0,train
V R R F P W W W P F L R R,1,train
G L V A A V S V G I V K G E A L C D L E Y V E D S A A E,0,train
I P S I K L P I R L H P,0,train
V S D T V V E P Y N A T,0,test
L A L Q Q T M Y E M G R A V I E T H P E I D E I K M S L,0,test
L C Y C R R R F C V C,1,train
F L P L I G A V L S G I L,1,train
K G V H C H I G S Q I E G T E A F I E T A K I,0,train
P E E E R R K W E E G R I D Y M G K D A F,0,train
M F K V R V I P C L D V K,0,test
G L G S L L G K A F K F G L K T V G K M M G G A P R E E,1,train
G L P V C G E T C V G G T C N T P G C T C S W P V C T K N,1,test
T Q S E Y Y N H A I D W Q T G P G,0,train
C T G G Q H R S V Y L V E Q L A A R F E G,0,train
H Y R I K P T F R R L K W K Y K G K F W,1,train
G V P C G E S C V F I P C I T G V I G C S C S S N V C Y L N,1,train
K W K L F K K I S K F L H L A K K F,1,train
A V D Q P A V E A T A P I E P V Q A T P A Q R F P T L R Y L G Q V,0,train
V G T I I K I I K A I I D I F A K,1,train
A L W M T L L K K V L K A A A K,1,train
E Y N P G D G A F Y G P K L D F V V K D A,0,train
K W K S F L K T F K S A K K T V L H T L L K A I S S,1,train
M T D K Y K E R R F D T Y G Y E K,0,train
S K W V G D A E K I V R A L,0,train
Y A T Q L N P A F Y S V E V R I T V,0,train
E G Y D F V D H Q R Q P L A K P A,0,test
R V P L A D K P H E K T M,0,train
G L M D T V K N A A K N L A G Q M L D K L K C K I T G S C,1,test
F W G A L A K G A L K L I G V G S L F S S F S K K D,1,train
L N W G A F L K H F F K,1,test
N D I L P G E V E K W Q F L E Q L,0,train
I G V A F A H A I F W S I T A S L A I R M A P A G K R A Q,0,train
P D F G Y,0,test
V Q R E L L D A A I A A K,0,train
L K D G M D L Y K T A M Q E L V L A Q,0,train
L L P Y I A E H W L G L P A T R V V P,0,train
I L P W K W P Y L P W R R,1,train
F C Y C R R R F C V C V G R,1,train
S Q D S D L L E L Y C G N,0,train
G L L S K F G R L A R K L A R V I P K V,1,train
F H P S L W V L I P Q Y I Q L I R K I L K S G,1,test
G W G S F F K K A A H V A K H V G K A A L T H Y L,1,train
A N A I E F D V D F D D D G V A K Y,0,train
G L P V C G E T C T L G T C Y T Q G C T C S W P I C K R N,1,train
R R Q A A E M G L T V L D A,0,train
G L K E I F K A G L G S L V K G I A A H V A S,1,train
V R D R E M F G Y M K L H P E D,0,train
T C G E T C F G G T C N T P G C T C D P W P I C T D R G L P,1,train
F F R R F F R R F F R R F F R R,1,train
P Y R D Y,0,train
K L L K L L L K L L K L L L K L L L K L L K,1,train
S N Y D A P S H L F I K V,0,test
I Q L Y L S A A T T A V K E G R N Q,0,test
A D E R R E F A V S M L R D,0,train
